<?xml version="1.0" encoding="UTF-8"?>
<!DOCTYPE mapper
        PUBLIC "-//mybatis.org//DTD Mapper 3.0//EN"
        "http://mybatis.org/dtd/mybatis-3-mapper.dtd">
<mapper namespace="com.wut.zn.mapper.CarCategoryMapper">

    <select id="selectByPage" resultType="CarCategory">
        SELECT id, category, create_time, update_time
        FROM car_category
        <where>
            <if test="category != null and category != ''">
                category LIKE CONCAT('%', #{category}, '%')
            </if>
        </where>
        ORDER BY create_time DESC
    </select>

    <delete id="deleteById">
        DELETE FROM car_category WHERE id = #{id}
    </delete>

    <delete id="batchDeleteByIds">
        DELETE FROM car_category
        WHERE id IN
        <foreach collection="ids" item="id" open="(" separator="," close=")">
            #{id}
        </foreach>
    </delete>

    <insert id="insert" useGeneratedKeys="true" keyProperty="id">
        INSERT INTO car_category(category)
        VALUES(#{category})
    </insert>

    <update id="update">
        UPDATE car_category
        SET category = #{category}, update_time = NOW()
        WHERE id = #{id}
    </update>

    <select id="existsByName" resultType="boolean">
        SELECT COUNT(*) FROM car_category WHERE category = #{category}
    </select>

    <select id="existsById" resultType="boolean">
        SELECT COUNT(*) FROM car_category WHERE id = #{id}
    </select>
    <!-- 使用resultMap确保字段映射 -->
    <resultMap id="carCategoryMap" type="com.wut.zn.entity.CarCategory">
        <id property="id" column="id"/>
        <result property="category" column="category"/>
    </resultMap>

    <select id="selectAll"
            resultType="com.wut.zn.entity.CarCategory"> <!-- 关键配置 -->
        SELECT id, category
        FROM car_category
    </select>

</mapper>