<?xml version="1.0" encoding="UTF-8"?>
<!DOCTYPE mapper PUBLIC "-//mybatis.org//DTD Mapper 3.0//EN"
        "http://mybatis.org/dtd/mybatis-3-mapper.dtd">
<mapper namespace="com.wut.zn.mapper.CarMapper">
    <resultMap id="carDTOMap" type="com.wut.zn.entity.dto.CarDTO">
        <id property="id" column="id"/>
        <result property="name" column="name"/>
        <result property="kind" column="kind_name"/>
        <result property="image" column="image"/>
        <result property="createTime" column="create_time"/>
        <result property="updateTime" column="update_time"/>
        <result property="category" column="category_name"/>
        <result property="kindId" column="kind_id"/>
        <result property="carCategoryId" column="car_category_id"/>
    </resultMap>

    <!-- 分页查询（保持不变） -->
    <select id="selectWithRelations" resultMap="carDTOMap">
        SELECT
        c.id,
        c.name,
        k.kind as kind_name,
        c.image,
        c.money,
        c.status,
        c.create_time,
        c.update_time,
        cc.category as category_name,
        c.kindid as kind_id,
        c.car_categoryid as car_category_id
        FROM car c
        LEFT JOIN car_category cc ON c.car_categoryid = cc.id
        LEFT JOIN kinds k ON c.kindid = k.id
        <where>
            <if test="name != null and name != ''">
                AND c.name LIKE CONCAT('%', #{name}, '%')
            </if>
            <if test="category != null and category != ''">
                AND cc.category LIKE CONCAT('%', #{category}, '%')
            </if>
            <if test="kind != null and kind != ''">
                AND k.kind LIKE CONCAT('%', #{kind}, '%')
            </if>
        </where>
        ORDER BY c.create_time DESC
    </select>

    <!-- 关键修复：按ID查询单条车辆详情 -->
    <select id="selectWithRelationsById" resultMap="carDTOMap">
        SELECT
        c.id,
        c.name,
        k.kind as kind_name,
        c.image,
        c.money,
        c.create_time,
        c.update_time,
        cc.category as category_name,
        c.kindid as kind_id,
        c.car_categoryid as car_category_id
        FROM car c
        LEFT JOIN car_category cc ON c.car_categoryid = cc.id
        LEFT JOIN kinds k ON c.kindid = k.id
        WHERE c.id = #{id}
        LIMIT 1  <!-- 确保只返回一条记录 -->
    </select>

    <!-- 其他CRUD操作（保持不变） -->
    <insert id="insert" useGeneratedKeys="true" keyProperty="id">
        INSERT INTO car
            (name, car_categoryid, kindid, money, image, create_time, update_time)
        VALUES
            (#{name}, #{carCategoryId}, #{kindId}, #{money}, #{image}, #{createTime}, #{updateTime})
    </insert>

    <update id="update">
        UPDATE car SET
                       name = #{name},
                       car_categoryid = #{carCategoryId},
                       kindid = #{kindId},
                       image = #{image},
                       money = #{money},
                       update_time = #{updateTime}
        WHERE id = #{id}
    </update>

    <delete id="deleteById">
        DELETE FROM car WHERE id = #{id}
    </delete>

    <delete id="batchDelete">
        DELETE FROM car WHERE id IN
        <foreach collection="ids" item="id" open="(" separator="," close=")">
            #{id}
        </foreach>
    </delete>

    <!-- 获取下拉选项（保持不变） -->
    <select id="getAllCategories" resultType="com.wut.zn.entity.CarCategory">
        SELECT * FROM car_category ORDER BY create_time DESC
    </select>

    <select id="getAllKinds" resultType="com.wut.zn.entity.Kinds">
        SELECT * FROM kinds ORDER BY create_time DESC
    </select>
</mapper>