<?xml version="1.0" encoding="UTF-8"?>
<!DOCTYPE mapper PUBLIC "-//mybatis.org//DTD Mapper 3.0//EN"
        "http://mybatis.org/dtd/mybatis-3-mapper.dtd">
<mapper namespace="com.wut.zn.mapper.OrderMapper">
    <resultMap id="OrderDTOMap" type="com.wut.zn.entity.dto.OrderDTO">
        <id column="id" property="id"/>
        <result column="car_id" property="carId"/>
        <result column="name" property="name"/>
        <result column="category" property="category"/>
        <result column="kinds" property="kinds"/>
        <result column="image" property="image"/>
        <result column="status" property="status"/>
        <result column="create_time" property="createTime"/>
        <result column="update_time" property="updateTime"/>
    </resultMap>
    <!-- resources/mapper/OrderMapper.xml -->
    <!-- 原错误代码 -->
    <!-- <if test="returnUpdateTime != null">return_update_time = #{returnUpdateTime},</if> -->

    <!-- 修正后 -->
    <update id="update" parameterType="com.wut.zn.entity.Order">
        UPDATE `order`
        <set>
            <if test="carStatus != null">car_status = #{carStatus},</if>
            <if test="updateTime != null">update_time = #{updateTime},</if> <!-- 关键修正 -->
            <if test="days != null">days = #{days},</if>
            <if test="carId != null">car_id = #{carId},</if>
            <if test="userId != null">user_id = #{userId}</if>
        </set>
        WHERE id = #{id}
    </update>


</mapper>
